Bug ID,Version Index,Version Name,Days from Version to FV,LOC touched from Version to FV,Bugginess
ISIS-712,10,core-1.4.0,0,0,No
ISIS-712,9,viewer-wicket-1.3.1,106,73,Yes
ISIS-712,8,core-1.3.0,119,73,Yes
ISIS-712,7,archetype-wrj-1.0.3,266,84,No
ISIS-712,6,core-1.2.0,267,84,No
ISIS-712,5,core-1.1.0,386,84,No
ISIS-712,4,security-shiro-1.0.0,407,84,No
ISIS-712,3,core-1.0.0,424,84,No
ISIS-712,2,0.2.0-incubating,732,84,No
ISIS-712,1,0.1.2-incubating,954,84,No
ISIS-711,10,core-1.4.0,0,0,No
ISIS-711,9,viewer-wicket-1.3.1,105,156,Yes
ISIS-711,8,core-1.3.0,118,156,No
ISIS-711,7,archetype-wrj-1.0.3,265,340,No
ISIS-711,6,core-1.2.0,266,340,No
ISIS-711,5,core-1.1.0,385,391,No
ISIS-711,4,security-shiro-1.0.0,406,391,No
ISIS-711,3,core-1.0.0,423,391,No
ISIS-711,2,0.2.0-incubating,731,391,No
ISIS-711,1,0.1.2-incubating,953,391,No
ISIS-824,13,core-1.6.0,0,0,No
ISIS-824,12,core-1.5.0,22,391,Yes
ISIS-824,11,objectstore-jdo-1.4.1,108,391,No
ISIS-824,10,core-1.4.0,111,391,No
ISIS-824,9,viewer-wicket-1.3.1,235,391,No
ISIS-824,8,core-1.3.0,248,391,No
ISIS-824,7,archetype-wrj-1.0.3,395,410,No
ISIS-824,6,core-1.2.0,396,410,No
ISIS-824,5,core-1.1.0,515,470,No
ISIS-824,4,security-shiro-1.0.0,536,470,No
ISIS-824,3,core-1.0.0,553,470,No
ISIS-824,2,0.2.0-incubating,861,829,No
ISIS-824,1,0.1.2-incubating,1083,829,No
ISIS-828,13,core-1.6.0,0,0,No
ISIS-828,12,core-1.5.0,22,392,Yes
ISIS-828,11,objectstore-jdo-1.4.1,108,1629,No
ISIS-828,10,core-1.4.0,111,1629,No
ISIS-828,9,viewer-wicket-1.3.1,235,2147,No
ISIS-828,8,core-1.3.0,248,2147,No
ISIS-828,7,archetype-wrj-1.0.3,395,3030,No
ISIS-828,6,core-1.2.0,396,3030,No
ISIS-828,5,core-1.1.0,515,3290,No
ISIS-828,4,security-shiro-1.0.0,536,3406,No
ISIS-828,3,core-1.0.0,553,3410,No
ISIS-828,2,0.2.0-incubating,861,3675,No
ISIS-828,1,0.1.2-incubating,1083,3675,No
ISIS-840,13,core-1.6.0,0,0,No
ISIS-840,12,core-1.5.0,39,83,Yes
ISIS-840,11,objectstore-jdo-1.4.1,125,83,No
ISIS-840,10,core-1.4.0,128,83,No
ISIS-840,9,viewer-wicket-1.3.1,252,83,No
ISIS-840,8,core-1.3.0,265,83,No
ISIS-840,7,archetype-wrj-1.0.3,412,83,No
ISIS-840,6,core-1.2.0,413,83,No
ISIS-840,5,core-1.1.0,532,83,No
ISIS-840,4,security-shiro-1.0.0,553,83,No
ISIS-840,3,core-1.0.0,570,83,No
ISIS-840,2,0.2.0-incubating,878,83,No
ISIS-840,1,0.1.2-incubating,1100,83,No
ISIS-837,13,core-1.6.0,0,0,No
ISIS-837,12,core-1.5.0,36,52,Yes
ISIS-837,11,objectstore-jdo-1.4.1,122,52,No
ISIS-837,10,core-1.4.0,125,52,No
ISIS-837,9,viewer-wicket-1.3.1,249,271,No
ISIS-837,8,core-1.3.0,262,271,No
ISIS-837,7,archetype-wrj-1.0.3,409,344,No
ISIS-837,6,core-1.2.0,410,344,No
ISIS-837,5,core-1.1.0,529,474,No
ISIS-837,4,security-shiro-1.0.0,550,474,No
ISIS-837,3,core-1.0.0,567,474,No
ISIS-837,2,0.2.0-incubating,875,476,No
ISIS-837,1,0.1.2-incubating,1097,476,No
ISIS-835,13,core-1.6.0,0,0,No
ISIS-835,12,core-1.5.0,36,152,Yes
ISIS-835,11,objectstore-jdo-1.4.1,122,159,No
ISIS-835,10,core-1.4.0,125,159,No
ISIS-835,9,viewer-wicket-1.3.1,249,234,No
ISIS-835,8,core-1.3.0,262,254,No
ISIS-835,7,archetype-wrj-1.0.3,409,829,No
ISIS-835,6,core-1.2.0,410,829,No
ISIS-835,5,core-1.1.0,529,853,No
ISIS-835,4,security-shiro-1.0.0,550,853,No
ISIS-835,3,core-1.0.0,567,853,No
ISIS-835,2,0.2.0-incubating,875,859,No
ISIS-835,1,0.1.2-incubating,1097,859,No
ISIS-733,10,core-1.4.0,0,0,No
ISIS-733,9,viewer-wicket-1.3.1,123,2,Yes
ISIS-733,8,core-1.3.0,136,2,Yes
ISIS-733,7,archetype-wrj-1.0.3,283,2,No
ISIS-733,6,core-1.2.0,284,2,No
ISIS-733,5,core-1.1.0,403,2,No
ISIS-733,4,security-shiro-1.0.0,424,2,No
ISIS-733,3,core-1.0.0,441,2,No
ISIS-733,2,0.2.0-incubating,749,58,No
ISIS-733,1,0.1.2-incubating,971,58,No
ISIS-620,10,core-1.4.0,0,0,No
ISIS-620,9,viewer-wicket-1.3.1,26,412,Yes
ISIS-620,8,core-1.3.0,39,412,No
ISIS-620,7,archetype-wrj-1.0.3,186,652,No
ISIS-620,6,core-1.2.0,187,652,No
ISIS-620,5,core-1.1.0,306,1882,No
ISIS-620,4,security-shiro-1.0.0,327,1882,No
ISIS-620,3,core-1.0.0,344,1882,No
ISIS-620,2,0.2.0-incubating,652,1884,No
ISIS-620,1,0.1.2-incubating,874,1884,No
ISIS-744,12,core-1.5.0,0,0,No
ISIS-744,11,objectstore-jdo-1.4.1,4,5,Yes
ISIS-744,10,core-1.4.0,7,5,No
ISIS-744,9,viewer-wicket-1.3.1,131,390,No
ISIS-744,8,core-1.3.0,144,390,No
ISIS-744,7,archetype-wrj-1.0.3,291,390,No
ISIS-744,6,core-1.2.0,292,390,No
ISIS-744,5,core-1.1.0,411,390,No
ISIS-744,4,security-shiro-1.0.0,432,390,No
ISIS-744,3,core-1.0.0,449,390,No
ISIS-744,2,0.2.0-incubating,757,390,No
ISIS-744,1,0.1.2-incubating,979,390,No
ISIS-621,10,core-1.4.0,0,0,No
ISIS-621,9,viewer-wicket-1.3.1,28,755,Yes
ISIS-621,8,core-1.3.0,41,758,No
ISIS-621,7,archetype-wrj-1.0.3,188,792,No
ISIS-621,6,core-1.2.0,189,792,No
ISIS-621,5,core-1.1.0,308,1075,No
ISIS-621,4,security-shiro-1.0.0,329,1075,No
ISIS-621,3,core-1.0.0,346,1075,No
ISIS-621,2,0.2.0-incubating,654,1075,No
ISIS-621,1,0.1.2-incubating,876,1075,No
ISIS-617,10,core-1.4.0,0,0,No
ISIS-617,9,viewer-wicket-1.3.1,22,4,Yes
ISIS-617,8,core-1.3.0,35,4,No
ISIS-617,7,archetype-wrj-1.0.3,182,4,No
ISIS-617,6,core-1.2.0,183,4,No
ISIS-617,5,core-1.1.0,302,138,No
ISIS-617,4,security-shiro-1.0.0,323,138,No
ISIS-617,3,core-1.0.0,340,138,No
ISIS-617,2,0.2.0-incubating,648,138,No
ISIS-617,1,0.1.2-incubating,870,138,No
ISIS-615,10,core-1.4.0,0,0,No
ISIS-615,9,viewer-wicket-1.3.1,22,86,Yes
ISIS-615,8,core-1.3.0,35,86,Yes
ISIS-615,7,archetype-wrj-1.0.3,182,86,No
ISIS-615,6,core-1.2.0,183,86,No
ISIS-615,5,core-1.1.0,302,91,No
ISIS-615,4,security-shiro-1.0.0,323,91,No
ISIS-615,3,core-1.0.0,340,91,No
ISIS-615,2,0.2.0-incubating,648,91,No
ISIS-615,1,0.1.2-incubating,870,91,No
ISIS-619,10,core-1.4.0,0,0,No
ISIS-619,9,viewer-wicket-1.3.1,22,111,Yes
ISIS-619,8,core-1.3.0,35,111,Yes
ISIS-619,7,archetype-wrj-1.0.3,182,111,No
ISIS-619,6,core-1.2.0,183,111,No
ISIS-619,5,core-1.1.0,302,115,No
ISIS-619,4,security-shiro-1.0.0,323,115,No
ISIS-619,3,core-1.0.0,340,115,No
ISIS-619,2,0.2.0-incubating,648,156,No
ISIS-619,1,0.1.2-incubating,870,156,No
ISIS-752,12,core-1.5.0,0,0,No
ISIS-752,11,objectstore-jdo-1.4.1,6,8,Yes
ISIS-752,10,core-1.4.0,9,8,No
ISIS-752,9,viewer-wicket-1.3.1,133,138,No
ISIS-752,8,core-1.3.0,146,138,No
ISIS-752,7,archetype-wrj-1.0.3,293,141,No
ISIS-752,6,core-1.2.0,294,141,No
ISIS-752,5,core-1.1.0,413,242,No
ISIS-752,4,security-shiro-1.0.0,434,242,No
ISIS-752,3,core-1.0.0,451,242,No
ISIS-752,2,0.2.0-incubating,759,242,No
ISIS-752,1,0.1.2-incubating,981,242,No
ISIS-630,10,core-1.4.0,0,0,No
ISIS-630,9,viewer-wicket-1.3.1,36,1226,Yes
ISIS-630,8,core-1.3.0,49,1226,No
ISIS-630,7,archetype-wrj-1.0.3,196,1226,No
ISIS-630,6,core-1.2.0,197,1226,No
ISIS-630,5,core-1.1.0,316,1229,No
ISIS-630,4,security-shiro-1.0.0,337,1229,No
ISIS-630,3,core-1.0.0,354,1229,No
ISIS-630,2,0.2.0-incubating,662,1229,No
ISIS-630,1,0.1.2-incubating,884,1229,No
ISIS-871,14,core-1.7.0,0,0,No
ISIS-871,13,core-1.6.0,35,2,Yes
ISIS-871,12,core-1.5.0,85,6,No
ISIS-871,11,objectstore-jdo-1.4.1,171,6,No
ISIS-871,10,core-1.4.0,174,6,No
ISIS-871,9,viewer-wicket-1.3.1,298,6,No
ISIS-871,8,core-1.3.0,311,6,No
ISIS-871,7,archetype-wrj-1.0.3,458,6,No
ISIS-871,6,core-1.2.0,459,6,No
ISIS-871,5,core-1.1.0,578,6,No
ISIS-871,4,security-shiro-1.0.0,599,6,No
ISIS-871,3,core-1.0.0,616,6,No
ISIS-871,2,0.2.0-incubating,924,6,No
ISIS-871,1,0.1.2-incubating,1146,6,No
ISIS-635,10,core-1.4.0,0,0,No
ISIS-635,9,viewer-wicket-1.3.1,35,36,Yes
ISIS-635,8,core-1.3.0,48,36,Yes
ISIS-635,7,archetype-wrj-1.0.3,195,430,No
ISIS-635,6,core-1.2.0,196,430,No
ISIS-635,5,core-1.1.0,315,1468,No
ISIS-635,4,security-shiro-1.0.0,336,1617,No
ISIS-635,3,core-1.0.0,353,1617,No
ISIS-635,2,0.2.0-incubating,661,4675,No
ISIS-635,1,0.1.2-incubating,883,4675,No
ISIS-756,12,core-1.5.0,0,0,No
ISIS-756,11,objectstore-jdo-1.4.1,9,237,Yes
ISIS-756,10,core-1.4.0,12,237,No
ISIS-756,9,viewer-wicket-1.3.1,136,608,No
ISIS-756,8,core-1.3.0,149,648,No
ISIS-756,7,archetype-wrj-1.0.3,296,2086,No
ISIS-756,6,core-1.2.0,297,2086,No
ISIS-756,5,core-1.1.0,416,2303,No
ISIS-756,4,security-shiro-1.0.0,437,2461,No
ISIS-756,3,core-1.0.0,454,2504,No
ISIS-756,2,0.2.0-incubating,762,3102,No
ISIS-756,1,0.1.2-incubating,984,3102,No
ISIS-632,10,core-1.4.0,0,0,No
ISIS-632,9,viewer-wicket-1.3.1,36,52,Yes
ISIS-632,8,core-1.3.0,49,52,Yes
ISIS-632,7,archetype-wrj-1.0.3,196,52,No
ISIS-632,6,core-1.2.0,197,52,No
ISIS-632,5,core-1.1.0,316,52,No
ISIS-632,4,security-shiro-1.0.0,337,52,No
ISIS-632,3,core-1.0.0,354,52,No
ISIS-632,2,0.2.0-incubating,662,52,No
ISIS-632,1,0.1.2-incubating,884,52,No
ISIS-627,10,core-1.4.0,0,0,No
ISIS-627,9,viewer-wicket-1.3.1,29,27,Yes
ISIS-627,8,core-1.3.0,42,27,Yes
ISIS-627,7,archetype-wrj-1.0.3,189,163,No
ISIS-627,6,core-1.2.0,190,163,No
ISIS-627,5,core-1.1.0,309,391,No
ISIS-627,4,security-shiro-1.0.0,330,391,No
ISIS-627,3,core-1.0.0,347,391,No
ISIS-627,2,0.2.0-incubating,655,1607,No
ISIS-627,1,0.1.2-incubating,877,1607,No
ISIS-746,12,core-1.5.0,0,0,No
ISIS-746,11,objectstore-jdo-1.4.1,6,136,Yes
ISIS-746,10,core-1.4.0,9,136,Yes
ISIS-746,9,viewer-wicket-1.3.1,133,216,No
ISIS-746,8,core-1.3.0,146,216,No
ISIS-746,7,archetype-wrj-1.0.3,293,238,No
ISIS-746,6,core-1.2.0,294,238,No
ISIS-746,5,core-1.1.0,413,292,No
ISIS-746,4,security-shiro-1.0.0,434,292,No
ISIS-746,3,core-1.0.0,451,706,No
ISIS-746,2,0.2.0-incubating,759,706,No
ISIS-746,1,0.1.2-incubating,981,706,No
ISIS-629,10,core-1.4.0,0,0,No
ISIS-629,9,viewer-wicket-1.3.1,84,147,Yes
ISIS-629,8,core-1.3.0,97,152,No
ISIS-629,7,archetype-wrj-1.0.3,244,334,No
ISIS-629,6,core-1.2.0,245,334,No
ISIS-629,5,core-1.1.0,364,353,No
ISIS-629,4,security-shiro-1.0.0,385,353,No
ISIS-629,3,core-1.0.0,402,353,No
ISIS-629,2,0.2.0-incubating,710,353,No
ISIS-629,1,0.1.2-incubating,932,353,No
ISIS-884,14,core-1.7.0,0,0,No
ISIS-884,13,core-1.6.0,45,92,Yes
ISIS-884,12,core-1.5.0,95,1068,No
ISIS-884,11,objectstore-jdo-1.4.1,181,1099,No
ISIS-884,10,core-1.4.0,184,1099,No
ISIS-884,9,viewer-wicket-1.3.1,308,1420,No
ISIS-884,8,core-1.3.0,321,1430,No
ISIS-884,7,archetype-wrj-1.0.3,468,1853,No
ISIS-884,6,core-1.2.0,469,1853,No
ISIS-884,5,core-1.1.0,588,2481,No
ISIS-884,4,security-shiro-1.0.0,609,2481,No
ISIS-884,3,core-1.0.0,626,2481,No
ISIS-884,2,0.2.0-incubating,934,2483,No
ISIS-884,1,0.1.2-incubating,1156,2483,No
ISIS-641,10,core-1.4.0,0,0,No
ISIS-641,9,viewer-wicket-1.3.1,64,489,Yes
ISIS-641,8,core-1.3.0,77,491,Yes
ISIS-641,7,archetype-wrj-1.0.3,224,1435,No
ISIS-641,6,core-1.2.0,225,1435,No
ISIS-641,5,core-1.1.0,344,2114,No
ISIS-641,4,security-shiro-1.0.0,365,2230,No
ISIS-641,3,core-1.0.0,382,2234,No
ISIS-641,2,0.2.0-incubating,690,2501,No
ISIS-641,1,0.1.2-incubating,912,2501,No
ISIS-883,14,core-1.7.0,0,0,No
ISIS-883,13,core-1.6.0,46,21,Yes
ISIS-883,12,core-1.5.0,96,47,No
ISIS-883,11,objectstore-jdo-1.4.1,182,47,No
ISIS-883,10,core-1.4.0,185,47,No
ISIS-883,9,viewer-wicket-1.3.1,309,47,No
ISIS-883,8,core-1.3.0,322,47,No
ISIS-883,7,archetype-wrj-1.0.3,469,47,No
ISIS-883,6,core-1.2.0,470,47,No
ISIS-883,5,core-1.1.0,589,47,No
ISIS-883,4,security-shiro-1.0.0,610,47,No
ISIS-883,3,core-1.0.0,627,47,No
ISIS-883,2,0.2.0-incubating,935,47,No
ISIS-883,1,0.1.2-incubating,1157,47,No
ISIS-761,12,core-1.5.0,0,0,No
ISIS-761,11,objectstore-jdo-1.4.1,20,36,Yes
ISIS-761,10,core-1.4.0,23,36,No
ISIS-761,9,viewer-wicket-1.3.1,147,84,No
ISIS-761,8,core-1.3.0,160,84,No
ISIS-761,7,archetype-wrj-1.0.3,307,100,No
ISIS-761,6,core-1.2.0,308,100,No
ISIS-761,5,core-1.1.0,427,436,No
ISIS-761,4,security-shiro-1.0.0,448,436,No
ISIS-761,3,core-1.0.0,465,436,No
ISIS-761,2,0.2.0-incubating,773,444,No
ISIS-761,1,0.1.2-incubating,995,444,No
ISIS-760,12,core-1.5.0,0,0,No
ISIS-760,11,objectstore-jdo-1.4.1,49,9,Yes
ISIS-760,10,core-1.4.0,52,9,Yes
ISIS-760,9,viewer-wicket-1.3.1,176,9,No
ISIS-760,8,core-1.3.0,189,9,No
ISIS-760,7,archetype-wrj-1.0.3,336,11,No
ISIS-760,6,core-1.2.0,337,11,No
ISIS-760,5,core-1.1.0,456,18,No
ISIS-760,4,security-shiro-1.0.0,477,18,No
ISIS-760,3,core-1.0.0,494,18,No
ISIS-760,2,0.2.0-incubating,802,237,No
ISIS-760,1,0.1.2-incubating,1024,237,No
ISIS-402,6,core-1.2.0,0,0,No
ISIS-402,5,core-1.1.0,98,137,Yes
ISIS-402,4,security-shiro-1.0.0,119,293,No
ISIS-402,3,core-1.0.0,136,293,No
ISIS-402,2,0.2.0-incubating,444,295,No
ISIS-402,1,0.1.2-incubating,666,295,No
ISIS-401,8,core-1.3.0,0,0,No
ISIS-401,7,archetype-wrj-1.0.3,140,883,Yes
ISIS-401,6,core-1.2.0,141,883,Yes
ISIS-401,5,core-1.1.0,260,1398,Yes
ISIS-401,4,security-shiro-1.0.0,281,1400,No
ISIS-401,3,core-1.0.0,298,1400,No
ISIS-401,2,0.2.0-incubating,606,1410,No
ISIS-401,1,0.1.2-incubating,828,1410,No
ISIS-643,14,core-1.7.0,0,0,No
ISIS-643,13,core-1.6.0,46,15,Yes
ISIS-643,12,core-1.5.0,96,140,Yes
ISIS-643,11,objectstore-jdo-1.4.1,182,140,Yes
ISIS-643,10,core-1.4.0,185,140,Yes
ISIS-643,9,viewer-wicket-1.3.1,309,140,Yes
ISIS-643,8,core-1.3.0,322,140,Yes
ISIS-643,7,archetype-wrj-1.0.3,469,140,No
ISIS-643,6,core-1.2.0,470,140,No
ISIS-643,5,core-1.1.0,589,140,No
ISIS-643,4,security-shiro-1.0.0,610,140,No
ISIS-643,3,core-1.0.0,627,140,No
ISIS-643,2,0.2.0-incubating,935,140,No
ISIS-643,1,0.1.2-incubating,1157,140,No
ISIS-885,14,core-1.7.0,0,0,No
ISIS-885,13,core-1.6.0,46,21,Yes
ISIS-885,12,core-1.5.0,96,47,No
ISIS-885,11,objectstore-jdo-1.4.1,182,47,No
ISIS-885,10,core-1.4.0,185,47,No
ISIS-885,9,viewer-wicket-1.3.1,309,47,No
ISIS-885,8,core-1.3.0,322,47,No
ISIS-885,7,archetype-wrj-1.0.3,469,47,No
ISIS-885,6,core-1.2.0,470,47,No
ISIS-885,5,core-1.1.0,589,47,No
ISIS-885,4,security-shiro-1.0.0,610,47,No
ISIS-885,3,core-1.0.0,627,47,No
ISIS-885,2,0.2.0-incubating,935,47,No
ISIS-885,1,0.1.2-incubating,1157,47,No
ISIS-759,12,core-1.5.0,0,0,No
ISIS-759,11,objectstore-jdo-1.4.1,20,92,Yes
ISIS-759,10,core-1.4.0,23,92,Yes
ISIS-759,9,viewer-wicket-1.3.1,147,128,No
ISIS-759,8,core-1.3.0,160,128,No
ISIS-759,7,archetype-wrj-1.0.3,307,437,No
ISIS-759,6,core-1.2.0,308,437,No
ISIS-759,5,core-1.1.0,427,437,No
ISIS-759,4,security-shiro-1.0.0,448,437,No
ISIS-759,3,core-1.0.0,465,437,No
ISIS-759,2,0.2.0-incubating,773,437,No
ISIS-759,1,0.1.2-incubating,995,437,No
ISIS-637,10,core-1.4.0,0,0,No
ISIS-637,9,viewer-wicket-1.3.1,76,27,Yes
ISIS-637,8,core-1.3.0,89,52,No
ISIS-637,7,archetype-wrj-1.0.3,236,610,No
ISIS-637,6,core-1.2.0,237,610,No
ISIS-637,5,core-1.1.0,356,661,No
ISIS-637,4,security-shiro-1.0.0,377,663,No
ISIS-637,3,core-1.0.0,394,663,No
ISIS-637,2,0.2.0-incubating,702,667,No
ISIS-637,1,0.1.2-incubating,924,667,No
ISIS-758,12,core-1.5.0,0,0,No
ISIS-758,11,objectstore-jdo-1.4.1,19,45,Yes
ISIS-758,10,core-1.4.0,22,45,Yes
ISIS-758,9,viewer-wicket-1.3.1,146,358,No
ISIS-758,8,core-1.3.0,159,358,No
ISIS-758,7,archetype-wrj-1.0.3,306,695,No
ISIS-758,6,core-1.2.0,307,695,No
ISIS-758,5,core-1.1.0,426,1394,No
ISIS-758,4,security-shiro-1.0.0,447,1394,No
ISIS-758,3,core-1.0.0,464,1394,No
ISIS-758,2,0.2.0-incubating,772,2087,No
ISIS-758,1,0.1.2-incubating,994,2087,No
ISIS-636,10,core-1.4.0,0,0,No
ISIS-636,9,viewer-wicket-1.3.1,36,2,Yes
ISIS-636,8,core-1.3.0,49,2,Yes
ISIS-636,7,archetype-wrj-1.0.3,196,50,No
ISIS-636,6,core-1.2.0,197,50,No
ISIS-636,5,core-1.1.0,316,63,No
ISIS-636,4,security-shiro-1.0.0,337,63,No
ISIS-636,3,core-1.0.0,354,63,No
ISIS-636,2,0.2.0-incubating,662,63,No
ISIS-636,1,0.1.2-incubating,884,63,No
ISIS-757,12,core-1.5.0,0,0,No
ISIS-757,11,objectstore-jdo-1.4.1,14,11,Yes
ISIS-757,10,core-1.4.0,17,11,No
ISIS-757,9,viewer-wicket-1.3.1,141,311,No
ISIS-757,8,core-1.3.0,154,311,No
ISIS-757,7,archetype-wrj-1.0.3,301,476,No
ISIS-757,6,core-1.2.0,302,476,No
ISIS-757,5,core-1.1.0,421,595,No
ISIS-757,4,security-shiro-1.0.0,442,617,No
ISIS-757,3,core-1.0.0,459,617,No
ISIS-757,2,0.2.0-incubating,767,663,No
ISIS-757,1,0.1.2-incubating,989,663,No
ISIS-777,12,core-1.5.0,0,0,No
ISIS-777,11,objectstore-jdo-1.4.1,70,439,Yes
ISIS-777,10,core-1.4.0,73,439,Yes
ISIS-777,9,viewer-wicket-1.3.1,197,541,No
ISIS-777,8,core-1.3.0,210,541,No
ISIS-777,7,archetype-wrj-1.0.3,357,2293,No
ISIS-777,6,core-1.2.0,358,2293,No
ISIS-777,5,core-1.1.0,477,2317,No
ISIS-777,4,security-shiro-1.0.0,498,2317,No
ISIS-777,3,core-1.0.0,515,2317,No
ISIS-777,2,0.2.0-incubating,823,2317,No
ISIS-777,1,0.1.2-incubating,1045,2317,No
ISIS-533,8,core-1.3.0,0,0,No
ISIS-533,7,archetype-wrj-1.0.3,107,87,Yes
ISIS-533,6,core-1.2.0,108,87,Yes
ISIS-533,5,core-1.1.0,227,786,No
ISIS-533,4,security-shiro-1.0.0,248,786,No
ISIS-533,3,core-1.0.0,265,786,No
ISIS-533,2,0.2.0-incubating,573,1479,No
ISIS-533,1,0.1.2-incubating,795,1479,No
ISIS-408,6,core-1.2.0,0,0,No
ISIS-408,5,core-1.1.0,108,727,Yes
ISIS-408,4,security-shiro-1.0.0,129,727,No
ISIS-408,3,core-1.0.0,146,727,No
ISIS-408,2,0.2.0-incubating,454,1420,No
ISIS-408,1,0.1.2-incubating,676,1420,No
ISIS-769,12,core-1.5.0,0,0,No
ISIS-769,11,objectstore-jdo-1.4.1,58,2122,Yes
ISIS-769,10,core-1.4.0,61,2122,Yes
ISIS-769,9,viewer-wicket-1.3.1,185,3142,No
ISIS-769,8,core-1.3.0,198,3142,No
ISIS-769,7,archetype-wrj-1.0.3,345,4442,No
ISIS-769,6,core-1.2.0,346,4442,No
ISIS-769,5,core-1.1.0,465,5130,No
ISIS-769,4,security-shiro-1.0.0,486,5130,No
ISIS-769,3,core-1.0.0,503,5130,No
ISIS-769,2,0.2.0-incubating,811,7061,No
ISIS-769,1,0.1.2-incubating,1033,7061,No
ISIS-526,8,core-1.3.0,0,0,No
ISIS-526,7,archetype-wrj-1.0.3,141,68,Yes
ISIS-526,6,core-1.2.0,142,68,Yes
ISIS-526,5,core-1.1.0,261,534,No
ISIS-526,4,security-shiro-1.0.0,282,534,No
ISIS-526,3,core-1.0.0,299,534,No
ISIS-526,2,0.2.0-incubating,607,534,No
ISIS-526,1,0.1.2-incubating,829,534,No
ISIS-83,19,1.10.0,0,0,No
ISIS-83,18,tidy-up,55,13,Yes
ISIS-83,17,1.9.0,64,13,Yes
ISIS-83,16,Website and Docs,217,68,Yes
ISIS-83,15,core-1.8.0,253,231,Yes
ISIS-83,14,core-1.7.0,382,567,Yes
ISIS-83,13,core-1.6.0,464,567,Yes
ISIS-83,12,core-1.5.0,514,571,Yes
ISIS-83,11,objectstore-jdo-1.4.1,600,574,Yes
ISIS-83,10,core-1.4.0,603,574,Yes
ISIS-83,9,viewer-wicket-1.3.1,727,574,Yes
ISIS-83,8,core-1.3.0,740,574,Yes
ISIS-83,7,archetype-wrj-1.0.3,887,641,Yes
ISIS-83,6,core-1.2.0,888,641,Yes
ISIS-83,5,core-1.1.0,1007,641,Yes
ISIS-83,4,security-shiro-1.0.0,1028,641,Yes
ISIS-83,3,core-1.0.0,1045,641,Yes
ISIS-83,2,0.2.0-incubating,1353,641,Yes
ISIS-83,1,0.1.2-incubating,1575,641,Yes
ISIS-301,5,core-1.1.0,0,0,No
ISIS-301,4,security-shiro-1.0.0,4,27,Yes
ISIS-301,3,core-1.0.0,21,27,Yes
ISIS-301,2,0.2.0-incubating,329,75,No
ISIS-301,1,0.1.2-incubating,551,75,No
ISIS-300,5,core-1.1.0,0,0,No
ISIS-300,4,security-shiro-1.0.0,15,3,Yes
ISIS-300,3,core-1.0.0,32,3,Yes
ISIS-300,2,0.2.0-incubating,340,7,No
ISIS-300,1,0.1.2-incubating,562,7,No
ISIS-545,8,core-1.3.0,0,0,No
ISIS-545,7,archetype-wrj-1.0.3,129,10,Yes
ISIS-545,6,core-1.2.0,130,10,Yes
ISIS-545,5,core-1.1.0,249,34,No
ISIS-545,4,security-shiro-1.0.0,270,34,No
ISIS-545,3,core-1.0.0,287,34,No
ISIS-545,2,0.2.0-incubating,595,246,No
ISIS-545,1,0.1.2-incubating,817,246,No
ISIS-302,5,core-1.1.0,0,0,No
ISIS-302,4,security-shiro-1.0.0,4,17,Yes
ISIS-302,3,core-1.0.0,21,17,Yes
ISIS-302,2,0.2.0-incubating,329,359,No
ISIS-302,1,0.1.2-incubating,551,359,No
ISIS-18,38,not released,0,0,No
ISIS-18,37,2.0.0-M2,0,286,Yes
ISIS-18,36,1.17.0,16,298,Yes
ISIS-18,35,2.0.0-M1,175,307,Yes
ISIS-18,34,1.16.2,323,316,Yes
ISIS-18,33,1.16.1,334,318,Yes
ISIS-18,32,1.16.0,379,341,Yes
ISIS-18,31,1.15.1,484,352,Yes
ISIS-18,30,1.15.0,526,411,Yes
ISIS-18,29,1.14.0,702,739,Yes
ISIS-18,28,1.13.2.1,749,739,Yes
ISIS-18,27,1.13.2,769,739,Yes
ISIS-18,26,1.13.1,814,739,Yes
ISIS-18,25,1.13.0,925,739,Yes
ISIS-18,24,1.12.2,960,739,Yes
ISIS-18,23,1.12.1,1015,739,Yes
ISIS-18,22,1.12.0,1029,739,Yes
ISIS-18,21,1.11.1,1101,739,Yes
ISIS-18,20,1.11.0,1116,739,Yes
ISIS-18,19,1.10.0,1169,739,Yes
ISIS-18,18,tidy-up,1230,739,Yes
ISIS-18,17,1.9.0,1239,739,Yes
ISIS-18,16,Website and Docs,1392,741,Yes
ISIS-18,15,core-1.8.0,1428,741,Yes
ISIS-18,14,core-1.7.0,1557,741,Yes
ISIS-18,13,core-1.6.0,1639,741,Yes
ISIS-18,12,core-1.5.0,1689,741,Yes
ISIS-18,11,objectstore-jdo-1.4.1,1775,741,Yes
ISIS-18,10,core-1.4.0,1778,741,Yes
ISIS-18,9,viewer-wicket-1.3.1,1902,741,Yes
ISIS-18,8,core-1.3.0,1915,741,Yes
ISIS-18,7,archetype-wrj-1.0.3,2062,741,Yes
ISIS-18,6,core-1.2.0,2063,741,Yes
ISIS-18,5,core-1.1.0,2182,741,Yes
ISIS-18,4,security-shiro-1.0.0,2203,741,Yes
ISIS-18,3,core-1.0.0,2220,741,Yes
ISIS-18,2,0.2.0-incubating,2528,741,Yes
ISIS-18,1,0.1.2-incubating,2750,741,Yes
ISIS-16,32,1.16.0,0,0,No
ISIS-16,31,1.15.1,11,8,Yes
ISIS-16,30,1.15.0,53,24,Yes
ISIS-16,29,1.14.0,229,89,Yes
ISIS-16,28,1.13.2.1,276,89,Yes
ISIS-16,27,1.13.2,296,89,Yes
ISIS-16,26,1.13.1,341,89,Yes
ISIS-16,25,1.13.0,452,89,Yes
ISIS-16,24,1.12.2,487,118,Yes
ISIS-16,23,1.12.1,542,118,Yes
ISIS-16,22,1.12.0,556,118,Yes
ISIS-16,21,1.11.1,628,673,Yes
ISIS-16,20,1.11.0,643,673,Yes
ISIS-16,19,1.10.0,696,673,Yes
ISIS-16,18,tidy-up,757,673,Yes
ISIS-16,17,1.9.0,766,673,Yes
ISIS-16,16,Website and Docs,919,673,Yes
ISIS-16,15,core-1.8.0,955,673,Yes
ISIS-16,14,core-1.7.0,1084,673,Yes
ISIS-16,13,core-1.6.0,1166,673,Yes
ISIS-16,12,core-1.5.0,1216,673,Yes
ISIS-16,11,objectstore-jdo-1.4.1,1302,673,Yes
ISIS-16,10,core-1.4.0,1305,673,Yes
ISIS-16,9,viewer-wicket-1.3.1,1429,673,Yes
ISIS-16,8,core-1.3.0,1442,673,Yes
ISIS-16,7,archetype-wrj-1.0.3,1589,673,Yes
ISIS-16,6,core-1.2.0,1590,673,Yes
ISIS-16,5,core-1.1.0,1709,673,Yes
ISIS-16,4,security-shiro-1.0.0,1730,673,Yes
ISIS-16,3,core-1.0.0,1747,673,Yes
ISIS-16,2,0.2.0-incubating,2055,673,Yes
ISIS-16,1,0.1.2-incubating,2277,673,Yes
ISIS-811,13,core-1.6.0,0,0,No
ISIS-811,12,core-1.5.0,10,18,Yes
ISIS-811,11,objectstore-jdo-1.4.1,96,1034,No
ISIS-811,10,core-1.4.0,99,1034,No
ISIS-811,9,viewer-wicket-1.3.1,223,3160,No
ISIS-811,8,core-1.3.0,236,3160,No
ISIS-811,7,archetype-wrj-1.0.3,383,4596,No
ISIS-811,6,core-1.2.0,384,4596,No
ISIS-811,5,core-1.1.0,503,5058,No
ISIS-811,4,security-shiro-1.0.0,524,5264,No
ISIS-811,3,core-1.0.0,541,5272,No
ISIS-811,2,0.2.0-incubating,849,5977,No
ISIS-811,1,0.1.2-incubating,1071,5977,No
ISIS-801,13,core-1.6.0,0,0,No
ISIS-801,12,core-1.5.0,40,32,Yes
ISIS-801,11,objectstore-jdo-1.4.1,126,246,No
ISIS-801,10,core-1.4.0,129,246,No
ISIS-801,9,viewer-wicket-1.3.1,253,246,No
ISIS-801,8,core-1.3.0,266,246,No
ISIS-801,7,archetype-wrj-1.0.3,413,953,No
ISIS-801,6,core-1.2.0,414,953,No
ISIS-801,5,core-1.1.0,533,964,No
ISIS-801,4,security-shiro-1.0.0,554,964,No
ISIS-801,3,core-1.0.0,571,964,No
ISIS-801,2,0.2.0-incubating,879,964,No
ISIS-801,1,0.1.2-incubating,1101,964,No
ISIS-700,10,core-1.4.0,0,0,No
ISIS-700,9,viewer-wicket-1.3.1,102,52,Yes
ISIS-700,8,core-1.3.0,115,52,Yes
ISIS-700,7,archetype-wrj-1.0.3,262,52,No
ISIS-700,6,core-1.2.0,263,52,No
ISIS-700,5,core-1.1.0,382,52,No
ISIS-700,4,security-shiro-1.0.0,403,52,No
ISIS-700,3,core-1.0.0,420,52,No
ISIS-700,2,0.2.0-incubating,728,52,No
ISIS-700,1,0.1.2-incubating,950,52,No
ISIS-821,13,core-1.6.0,0,0,No
ISIS-821,12,core-1.5.0,17,39,Yes
ISIS-821,11,objectstore-jdo-1.4.1,103,547,No
ISIS-821,10,core-1.4.0,106,547,No
ISIS-821,9,viewer-wicket-1.3.1,230,547,No
ISIS-821,8,core-1.3.0,243,547,No
ISIS-821,7,archetype-wrj-1.0.3,390,727,No
ISIS-821,6,core-1.2.0,391,727,No
ISIS-821,5,core-1.1.0,510,1339,No
ISIS-821,4,security-shiro-1.0.0,531,1339,No
ISIS-821,3,core-1.0.0,548,1339,No
ISIS-821,2,0.2.0-incubating,856,1339,No
ISIS-821,1,0.1.2-incubating,1078,1339,No
ISIS-812,13,core-1.6.0,0,0,No
ISIS-812,12,core-1.5.0,10,2,Yes
ISIS-812,11,objectstore-jdo-1.4.1,96,71,No
ISIS-812,10,core-1.4.0,99,71,No
ISIS-812,9,viewer-wicket-1.3.1,223,592,No
ISIS-812,8,core-1.3.0,236,592,No
ISIS-812,7,archetype-wrj-1.0.3,383,828,No
ISIS-812,6,core-1.2.0,384,828,No
ISIS-812,5,core-1.1.0,503,900,No
ISIS-812,4,security-shiro-1.0.0,524,914,No
ISIS-812,3,core-1.0.0,541,915,No
ISIS-812,2,0.2.0-incubating,849,1077,No
ISIS-812,1,0.1.2-incubating,1071,1077,No
ISIS-154,29,1.14.0,0,0,No
ISIS-154,28,1.13.2.1,15,36,Yes
ISIS-154,27,1.13.2,35,86,Yes
ISIS-154,26,1.13.1,80,656,Yes
ISIS-154,25,1.13.0,191,670,Yes
ISIS-154,24,1.12.2,226,674,Yes
ISIS-154,23,1.12.1,281,676,Yes
ISIS-154,22,1.12.0,295,688,Yes
ISIS-154,21,1.11.1,367,711,Yes
ISIS-154,20,1.11.0,382,713,Yes
ISIS-154,19,1.10.0,435,725,Yes
ISIS-154,18,tidy-up,496,833,Yes
ISIS-154,17,1.9.0,505,947,Yes
ISIS-154,16,Website and Docs,658,1059,Yes
ISIS-154,15,core-1.8.0,694,1079,Yes
ISIS-154,14,core-1.7.0,823,1318,Yes
ISIS-154,13,core-1.6.0,905,1464,Yes
ISIS-154,12,core-1.5.0,955,1476,Yes
ISIS-154,11,objectstore-jdo-1.4.1,1041,1476,Yes
ISIS-154,10,core-1.4.0,1044,1476,Yes
ISIS-154,9,viewer-wicket-1.3.1,1168,1476,Yes
ISIS-154,8,core-1.3.0,1181,1476,Yes
ISIS-154,7,archetype-wrj-1.0.3,1328,1476,Yes
ISIS-154,6,core-1.2.0,1329,1476,Yes
ISIS-154,5,core-1.1.0,1448,1476,Yes
ISIS-154,4,security-shiro-1.0.0,1469,1476,Yes
ISIS-154,3,core-1.0.0,1486,1476,Yes
ISIS-154,2,0.2.0-incubating,1794,1476,Yes
ISIS-154,1,0.1.2-incubating,2016,1476,Yes
ISIS-275,6,core-1.2.0,0,0,No
ISIS-275,5,core-1.1.0,13,2,Yes
ISIS-275,4,security-shiro-1.0.0,34,2,Yes
ISIS-275,3,core-1.0.0,51,2,Yes
ISIS-275,2,0.2.0-incubating,359,2,Yes
ISIS-275,1,0.1.2-incubating,581,2,No
ISIS-153,30,1.15.0,0,0,No
ISIS-153,29,1.14.0,162,5,Yes
ISIS-153,28,1.13.2.1,209,5,Yes
ISIS-153,27,1.13.2,229,23,Yes
ISIS-153,26,1.13.1,274,23,Yes
ISIS-153,25,1.13.0,385,48,Yes
ISIS-153,24,1.12.2,420,52,Yes
ISIS-153,23,1.12.1,475,117,Yes
ISIS-153,22,1.12.0,489,117,Yes
ISIS-153,21,1.11.1,561,227,Yes
ISIS-153,20,1.11.0,576,227,Yes
ISIS-153,19,1.10.0,629,227,Yes
ISIS-153,18,tidy-up,690,227,Yes
ISIS-153,17,1.9.0,699,227,Yes
ISIS-153,16,Website and Docs,852,317,Yes
ISIS-153,15,core-1.8.0,888,317,Yes
ISIS-153,14,core-1.7.0,1017,317,Yes
ISIS-153,13,core-1.6.0,1099,317,Yes
ISIS-153,12,core-1.5.0,1149,317,Yes
ISIS-153,11,objectstore-jdo-1.4.1,1235,317,Yes
ISIS-153,10,core-1.4.0,1238,317,Yes
ISIS-153,9,viewer-wicket-1.3.1,1362,317,Yes
ISIS-153,8,core-1.3.0,1375,317,Yes
ISIS-153,7,archetype-wrj-1.0.3,1522,317,Yes
ISIS-153,6,core-1.2.0,1523,317,Yes
ISIS-153,5,core-1.1.0,1642,317,Yes
ISIS-153,4,security-shiro-1.0.0,1663,317,Yes
ISIS-153,3,core-1.0.0,1680,317,Yes
ISIS-153,2,0.2.0-incubating,1988,317,Yes
ISIS-153,1,0.1.2-incubating,2210,317,Yes
ISIS-169,32,1.16.0,0,0,No
ISIS-169,31,1.15.1,11,8,Yes
ISIS-169,30,1.15.0,53,24,Yes
ISIS-169,29,1.14.0,229,89,Yes
ISIS-169,28,1.13.2.1,276,89,Yes
ISIS-169,27,1.13.2,296,89,Yes
ISIS-169,26,1.13.1,341,89,Yes
ISIS-169,25,1.13.0,452,89,Yes
ISIS-169,24,1.12.2,487,118,Yes
ISIS-169,23,1.12.1,542,118,Yes
ISIS-169,22,1.12.0,556,118,Yes
ISIS-169,21,1.11.1,628,673,Yes
ISIS-169,20,1.11.0,643,673,Yes
ISIS-169,19,1.10.0,696,673,Yes
ISIS-169,18,tidy-up,757,673,Yes
ISIS-169,17,1.9.0,766,673,Yes
ISIS-169,16,Website and Docs,919,673,Yes
ISIS-169,15,core-1.8.0,955,673,Yes
ISIS-169,14,core-1.7.0,1084,673,Yes
ISIS-169,13,core-1.6.0,1166,673,Yes
ISIS-169,12,core-1.5.0,1216,673,Yes
ISIS-169,11,objectstore-jdo-1.4.1,1302,673,Yes
ISIS-169,10,core-1.4.0,1305,673,Yes
ISIS-169,9,viewer-wicket-1.3.1,1429,673,Yes
ISIS-169,8,core-1.3.0,1442,673,Yes
ISIS-169,7,archetype-wrj-1.0.3,1589,673,Yes
ISIS-169,6,core-1.2.0,1590,673,Yes
ISIS-169,5,core-1.1.0,1709,673,Yes
ISIS-169,4,security-shiro-1.0.0,1730,673,Yes
ISIS-169,3,core-1.0.0,1747,673,Yes
ISIS-169,2,0.2.0-incubating,2055,673,Yes
ISIS-169,1,0.1.2-incubating,2277,673,Yes
ISIS-288,3,core-1.0.0,0,0,No
ISIS-288,2,0.2.0-incubating,304,813,Yes
ISIS-288,1,0.1.2-incubating,526,813,No
ISIS-184,33,1.16.1,0,0,No
ISIS-184,32,1.16.0,36,195,Yes
ISIS-184,31,1.15.1,141,195,Yes
ISIS-184,30,1.15.0,183,195,Yes
ISIS-184,29,1.14.0,359,195,Yes
ISIS-184,28,1.13.2.1,406,195,Yes
ISIS-184,27,1.13.2,426,195,Yes
ISIS-184,26,1.13.1,471,195,Yes
ISIS-184,25,1.13.0,582,195,Yes
ISIS-184,24,1.12.2,617,195,Yes
ISIS-184,23,1.12.1,672,195,Yes
ISIS-184,22,1.12.0,686,195,Yes
ISIS-184,21,1.11.1,758,195,Yes
ISIS-184,20,1.11.0,773,195,Yes
ISIS-184,19,1.10.0,826,195,Yes
ISIS-184,18,tidy-up,887,234,Yes
ISIS-184,17,1.9.0,896,234,Yes
ISIS-184,16,Website and Docs,1049,234,Yes
ISIS-184,15,core-1.8.0,1085,333,Yes
ISIS-184,14,core-1.7.0,1214,544,Yes
ISIS-184,13,core-1.6.0,1296,544,Yes
ISIS-184,12,core-1.5.0,1346,544,Yes
ISIS-184,11,objectstore-jdo-1.4.1,1432,544,Yes
ISIS-184,10,core-1.4.0,1435,544,Yes
ISIS-184,9,viewer-wicket-1.3.1,1559,544,Yes
ISIS-184,8,core-1.3.0,1572,544,Yes
ISIS-184,7,archetype-wrj-1.0.3,1719,544,Yes
ISIS-184,6,core-1.2.0,1720,544,Yes
ISIS-184,5,core-1.1.0,1839,544,Yes
ISIS-184,4,security-shiro-1.0.0,1860,544,Yes
ISIS-184,3,core-1.0.0,1877,544,Yes
ISIS-184,2,0.2.0-incubating,2185,544,Yes
ISIS-184,1,0.1.2-incubating,2407,544,No
ISIS-312,5,core-1.1.0,0,0,No
ISIS-312,4,security-shiro-1.0.0,12,3,Yes
ISIS-312,3,core-1.0.0,29,3,Yes
ISIS-312,2,0.2.0-incubating,337,3,No
ISIS-312,1,0.1.2-incubating,559,3,No
ISIS-796,13,core-1.6.0,0,0,No
ISIS-796,12,core-1.5.0,40,880,Yes
ISIS-796,11,objectstore-jdo-1.4.1,126,1167,Yes
ISIS-796,10,core-1.4.0,129,1167,Yes
ISIS-796,9,viewer-wicket-1.3.1,253,1645,No
ISIS-796,8,core-1.3.0,266,1645,No
ISIS-796,7,archetype-wrj-1.0.3,413,2557,No
ISIS-796,6,core-1.2.0,414,2557,No
ISIS-796,5,core-1.1.0,533,2831,No
ISIS-796,4,security-shiro-1.0.0,554,2831,No
ISIS-796,3,core-1.0.0,571,2831,No
ISIS-796,2,0.2.0-incubating,879,4719,No
ISIS-796,1,0.1.2-incubating,1101,4719,No
ISIS-431,12,core-1.5.0,0,0,No
ISIS-431,11,objectstore-jdo-1.4.1,71,15,Yes
ISIS-431,10,core-1.4.0,74,15,Yes
ISIS-431,9,viewer-wicket-1.3.1,198,15,Yes
ISIS-431,8,core-1.3.0,211,15,Yes
ISIS-431,7,archetype-wrj-1.0.3,358,31,Yes
ISIS-431,6,core-1.2.0,359,31,Yes
ISIS-431,5,core-1.1.0,478,40,No
ISIS-431,4,security-shiro-1.0.0,499,40,No
ISIS-431,3,core-1.0.0,516,40,No
ISIS-431,2,0.2.0-incubating,824,40,No
ISIS-431,1,0.1.2-incubating,1046,40,No
ISIS-435,8,core-1.3.0,0,0,No
ISIS-435,7,archetype-wrj-1.0.3,11,379,Yes
ISIS-435,6,core-1.2.0,12,379,Yes
ISIS-435,5,core-1.1.0,131,669,No
ISIS-435,4,security-shiro-1.0.0,152,785,No
ISIS-435,3,core-1.0.0,169,789,No
ISIS-435,2,0.2.0-incubating,477,1054,No
ISIS-435,1,0.1.2-incubating,699,1054,No
ISIS-313,5,core-1.1.0,0,0,No
ISIS-313,4,security-shiro-1.0.0,13,586,Yes
ISIS-313,3,core-1.0.0,30,1418,No
ISIS-313,2,0.2.0-incubating,338,2339,No
ISIS-313,1,0.1.2-incubating,560,2339,No
ISIS-797,13,core-1.6.0,0,0,No
ISIS-797,12,core-1.5.0,38,2683,Yes
ISIS-797,11,objectstore-jdo-1.4.1,124,2871,Yes
ISIS-797,10,core-1.4.0,127,2871,Yes
ISIS-797,9,viewer-wicket-1.3.1,251,3239,No
ISIS-797,8,core-1.3.0,264,3239,No
ISIS-797,7,archetype-wrj-1.0.3,411,3555,No
ISIS-797,6,core-1.2.0,412,3555,No
ISIS-797,5,core-1.1.0,531,4161,No
ISIS-797,4,security-shiro-1.0.0,552,4316,No
ISIS-797,3,core-1.0.0,569,4316,No
ISIS-797,2,0.2.0-incubating,877,7443,No
ISIS-797,1,0.1.2-incubating,1099,7443,No
ISIS-429,10,core-1.4.0,0,0,No
ISIS-429,9,viewer-wicket-1.3.1,112,276,Yes
ISIS-429,8,core-1.3.0,125,279,Yes
ISIS-429,7,archetype-wrj-1.0.3,272,318,Yes
ISIS-429,6,core-1.2.0,273,318,Yes
ISIS-429,5,core-1.1.0,392,612,No
ISIS-429,4,security-shiro-1.0.0,413,615,No
ISIS-429,3,core-1.0.0,430,615,No
ISIS-429,2,0.2.0-incubating,738,619,No
ISIS-429,1,0.1.2-incubating,960,619,No
ISIS-549,8,core-1.3.0,0,0,No
ISIS-549,7,archetype-wrj-1.0.3,132,29,Yes
ISIS-549,6,core-1.2.0,133,29,Yes
ISIS-549,5,core-1.1.0,252,198,No
ISIS-549,4,security-shiro-1.0.0,273,200,No
ISIS-549,3,core-1.0.0,290,200,No
ISIS-549,2,0.2.0-incubating,598,461,No
ISIS-549,1,0.1.2-incubating,820,461,No
ISIS-306,5,core-1.1.0,0,0,No
ISIS-306,4,security-shiro-1.0.0,15,338,Yes
ISIS-306,3,core-1.0.0,32,456,No
ISIS-306,2,0.2.0-incubating,340,456,No
ISIS-306,1,0.1.2-incubating,562,456,No
ISIS-560,9,viewer-wicket-1.3.1,0,0,No
ISIS-560,8,core-1.3.0,4,53,Yes
ISIS-560,7,archetype-wrj-1.0.3,151,1081,Yes
ISIS-560,6,core-1.2.0,152,1081,Yes
ISIS-560,5,core-1.1.0,271,1251,No
ISIS-560,4,security-shiro-1.0.0,292,1253,No
ISIS-560,3,core-1.0.0,309,1253,No
ISIS-560,2,0.2.0-incubating,617,1257,No
ISIS-560,1,0.1.2-incubating,839,1257,No
ISIS-565,8,core-1.3.0,0,0,No
ISIS-565,7,archetype-wrj-1.0.3,137,37,Yes
ISIS-565,6,core-1.2.0,138,37,Yes
ISIS-565,5,core-1.1.0,257,167,No
ISIS-565,4,security-shiro-1.0.0,278,167,No
ISIS-565,3,core-1.0.0,295,167,No
ISIS-565,2,0.2.0-incubating,603,169,No
ISIS-565,1,0.1.2-incubating,825,169,No
ISIS-686,10,core-1.4.0,0,0,No
ISIS-686,9,viewer-wicket-1.3.1,103,249,Yes
ISIS-686,8,core-1.3.0,116,252,No
ISIS-686,7,archetype-wrj-1.0.3,263,291,No
ISIS-686,6,core-1.2.0,264,291,No
ISIS-686,5,core-1.1.0,383,585,No
ISIS-686,4,security-shiro-1.0.0,404,588,No
ISIS-686,3,core-1.0.0,421,588,No
ISIS-686,2,0.2.0-incubating,729,592,No
ISIS-686,1,0.1.2-incubating,951,592,No
ISIS-442,8,core-1.3.0,0,0,No
ISIS-442,7,archetype-wrj-1.0.3,20,15,Yes
ISIS-442,6,core-1.2.0,21,15,Yes
ISIS-442,5,core-1.1.0,140,433,No
ISIS-442,4,security-shiro-1.0.0,161,433,No
ISIS-442,3,core-1.0.0,178,433,No
ISIS-442,2,0.2.0-incubating,486,871,No
ISIS-442,1,0.1.2-incubating,708,871,No
ISIS-317,5,core-1.1.0,0,0,No
ISIS-317,4,security-shiro-1.0.0,15,116,Yes
ISIS-317,3,core-1.0.0,32,120,No
ISIS-317,2,0.2.0-incubating,340,385,No
ISIS-317,1,0.1.2-incubating,562,385,No
ISIS-451,8,core-1.3.0,0,0,No
ISIS-451,7,archetype-wrj-1.0.3,28,16,Yes
ISIS-451,6,core-1.2.0,29,16,Yes
ISIS-451,5,core-1.1.0,148,47,No
ISIS-451,4,security-shiro-1.0.0,169,72,No
ISIS-451,3,core-1.0.0,186,72,No
ISIS-451,2,0.2.0-incubating,494,72,No
ISIS-451,1,0.1.2-incubating,716,72,No
ISIS-570,9,viewer-wicket-1.3.1,0,0,No
ISIS-570,8,core-1.3.0,3,18,Yes
ISIS-570,7,archetype-wrj-1.0.3,150,118,Yes
ISIS-570,6,core-1.2.0,151,118,Yes
ISIS-570,5,core-1.1.0,270,937,No
ISIS-570,4,security-shiro-1.0.0,291,940,No
ISIS-570,3,core-1.0.0,308,940,No
ISIS-570,2,0.2.0-incubating,616,946,No
ISIS-570,1,0.1.2-incubating,838,946,No
ISIS-691,10,core-1.4.0,0,0,No
ISIS-691,9,viewer-wicket-1.3.1,91,919,Yes
ISIS-691,8,core-1.3.0,104,964,Yes
ISIS-691,7,archetype-wrj-1.0.3,251,3887,No
ISIS-691,6,core-1.2.0,252,3887,No
ISIS-691,5,core-1.1.0,371,4323,No
ISIS-691,4,security-shiro-1.0.0,392,4441,No
ISIS-691,3,core-1.0.0,409,4445,No
ISIS-691,2,0.2.0-incubating,717,5528,No
ISIS-691,1,0.1.2-incubating,939,5528,No
ISIS-213,3,core-1.0.0,0,0,No
ISIS-213,2,0.2.0-incubating,22,10,Yes
ISIS-213,1,0.1.2-incubating,244,16,No
ISIS-334,6,core-1.2.0,0,0,No
ISIS-334,5,core-1.1.0,15,211,Yes
ISIS-334,4,security-shiro-1.0.0,36,233,No
ISIS-334,3,core-1.0.0,53,233,No
ISIS-334,2,0.2.0-incubating,361,333,No
ISIS-334,1,0.1.2-incubating,583,333,No
ISIS-336,6,core-1.2.0,0,0,No
ISIS-336,5,core-1.1.0,14,60,Yes
ISIS-336,4,security-shiro-1.0.0,35,60,No
ISIS-336,3,core-1.0.0,52,60,No
ISIS-336,2,0.2.0-incubating,360,60,No
ISIS-336,1,0.1.2-incubating,582,60,No
ISIS-578,9,viewer-wicket-1.3.1,0,0,No
ISIS-578,8,core-1.3.0,4,12,Yes
ISIS-578,7,archetype-wrj-1.0.3,151,249,No
ISIS-578,6,core-1.2.0,152,249,No
ISIS-578,5,core-1.1.0,271,249,No
ISIS-578,4,security-shiro-1.0.0,292,249,No
ISIS-578,3,core-1.0.0,309,249,No
ISIS-578,2,0.2.0-incubating,617,249,No
ISIS-578,1,0.1.2-incubating,839,249,No
ISIS-207,38,not released,0,0,No
ISIS-207,37,2.0.0-M2,97,73,Yes
ISIS-207,36,1.17.0,113,77,Yes
ISIS-207,35,2.0.0-M1,272,382,Yes
ISIS-207,34,1.16.2,420,687,Yes
ISIS-207,33,1.16.1,431,901,Yes
ISIS-207,32,1.16.0,476,1445,Yes
ISIS-207,31,1.15.1,581,1602,Yes
ISIS-207,30,1.15.0,623,1777,Yes
ISIS-207,29,1.14.0,799,2039,Yes
ISIS-207,28,1.13.2.1,846,2257,Yes
ISIS-207,27,1.13.2,866,2257,Yes
ISIS-207,26,1.13.1,911,2391,Yes
ISIS-207,25,1.13.0,1022,2765,Yes
ISIS-207,24,1.12.2,1057,2906,Yes
ISIS-207,23,1.12.1,1112,3057,Yes
ISIS-207,22,1.12.0,1126,3191,Yes
ISIS-207,21,1.11.1,1198,3587,Yes
ISIS-207,20,1.11.0,1213,3845,Yes
ISIS-207,19,1.10.0,1266,3986,Yes
ISIS-207,18,tidy-up,1327,4490,Yes
ISIS-207,17,1.9.0,1336,4610,Yes
ISIS-207,16,Website and Docs,1489,5007,Yes
ISIS-207,15,core-1.8.0,1525,5103,Yes
ISIS-207,14,core-1.7.0,1654,5811,Yes
ISIS-207,13,core-1.6.0,1736,6442,Yes
ISIS-207,12,core-1.5.0,1786,8248,Yes
ISIS-207,11,objectstore-jdo-1.4.1,1872,8430,Yes
ISIS-207,10,core-1.4.0,1875,8430,Yes
ISIS-207,9,viewer-wicket-1.3.1,1999,8755,Yes
ISIS-207,8,core-1.3.0,2012,8755,Yes
ISIS-207,7,archetype-wrj-1.0.3,2159,9047,Yes
ISIS-207,6,core-1.2.0,2160,9047,Yes
ISIS-207,5,core-1.1.0,2279,9386,Yes
ISIS-207,4,security-shiro-1.0.0,2300,9535,Yes
ISIS-207,3,core-1.0.0,2317,9535,Yes
ISIS-207,2,0.2.0-incubating,2625,11900,Yes
ISIS-207,1,0.1.2-incubating,2847,11900,No
ISIS-449,8,core-1.3.0,0,0,No
ISIS-449,7,archetype-wrj-1.0.3,28,35,Yes
ISIS-449,6,core-1.2.0,29,35,Yes
ISIS-449,5,core-1.1.0,148,766,No
ISIS-449,4,security-shiro-1.0.0,169,766,No
ISIS-449,3,core-1.0.0,186,766,No
ISIS-449,2,0.2.0-incubating,494,1212,No
ISIS-449,1,0.1.2-incubating,716,1212,No
ISIS-341,6,core-1.2.0,0,0,No
ISIS-341,5,core-1.1.0,14,20,Yes
ISIS-341,4,security-shiro-1.0.0,35,20,No
ISIS-341,3,core-1.0.0,52,20,No
ISIS-341,2,0.2.0-incubating,360,20,No
ISIS-341,1,0.1.2-incubating,582,20,No
ISIS-580,9,viewer-wicket-1.3.1,0,0,No
ISIS-580,8,core-1.3.0,7,72,Yes
ISIS-580,7,archetype-wrj-1.0.3,154,1280,No
ISIS-580,6,core-1.2.0,155,1280,No
ISIS-580,5,core-1.1.0,274,1433,No
ISIS-580,4,security-shiro-1.0.0,295,1435,No
ISIS-580,3,core-1.0.0,312,1435,No
ISIS-580,2,0.2.0-incubating,620,1439,No
ISIS-580,1,0.1.2-incubating,842,1439,No
ISIS-101,15,core-1.8.0,0,0,No
ISIS-101,14,core-1.7.0,121,996,Yes
ISIS-101,13,core-1.6.0,203,1100,Yes
ISIS-101,12,core-1.5.0,253,1100,Yes
ISIS-101,11,objectstore-jdo-1.4.1,339,1100,Yes
ISIS-101,10,core-1.4.0,342,1100,Yes
ISIS-101,9,viewer-wicket-1.3.1,466,1227,Yes
ISIS-101,8,core-1.3.0,479,1227,Yes
ISIS-101,7,archetype-wrj-1.0.3,626,1245,Yes
ISIS-101,6,core-1.2.0,627,1245,Yes
ISIS-101,5,core-1.1.0,746,1278,Yes
ISIS-101,4,security-shiro-1.0.0,767,1278,Yes
ISIS-101,3,core-1.0.0,784,1278,Yes
ISIS-101,2,0.2.0-incubating,1092,1278,Yes
ISIS-101,1,0.1.2-incubating,1314,1278,Yes
ISIS-464,8,core-1.3.0,0,0,No
ISIS-464,7,archetype-wrj-1.0.3,45,38,Yes
ISIS-464,6,core-1.2.0,46,38,Yes
ISIS-464,5,core-1.1.0,165,834,No
ISIS-464,4,security-shiro-1.0.0,186,834,No
ISIS-464,3,core-1.0.0,203,834,No
ISIS-464,2,0.2.0-incubating,511,920,No
ISIS-464,1,0.1.2-incubating,733,920,No
ISIS-585,10,core-1.4.0,0,0,No
ISIS-585,9,viewer-wicket-1.3.1,7,15,Yes
ISIS-585,8,core-1.3.0,20,15,No
ISIS-585,7,archetype-wrj-1.0.3,167,88,No
ISIS-585,6,core-1.2.0,168,88,No
ISIS-585,5,core-1.1.0,287,88,No
ISIS-585,4,security-shiro-1.0.0,308,88,No
ISIS-585,3,core-1.0.0,325,88,No
ISIS-585,2,0.2.0-incubating,633,88,No
ISIS-585,1,0.1.2-incubating,855,88,No
ISIS-342,6,core-1.2.0,0,0,No
ISIS-342,5,core-1.1.0,15,392,Yes
ISIS-342,4,security-shiro-1.0.0,36,392,No
ISIS-342,3,core-1.0.0,53,582,No
ISIS-342,2,0.2.0-incubating,361,1275,No
ISIS-342,1,0.1.2-incubating,583,1275,No
ISIS-106,17,1.9.0,0,0,No
ISIS-106,16,Website and Docs,100,464,Yes
ISIS-106,15,core-1.8.0,136,464,Yes
ISIS-106,14,core-1.7.0,265,464,Yes
ISIS-106,13,core-1.6.0,347,464,Yes
ISIS-106,12,core-1.5.0,397,464,Yes
ISIS-106,11,objectstore-jdo-1.4.1,483,464,Yes
ISIS-106,10,core-1.4.0,486,464,Yes
ISIS-106,9,viewer-wicket-1.3.1,610,464,Yes
ISIS-106,8,core-1.3.0,623,464,Yes
ISIS-106,7,archetype-wrj-1.0.3,770,464,Yes
ISIS-106,6,core-1.2.0,771,464,Yes
ISIS-106,5,core-1.1.0,890,464,Yes
ISIS-106,4,security-shiro-1.0.0,911,464,Yes
ISIS-106,3,core-1.0.0,928,464,Yes
ISIS-106,2,0.2.0-incubating,1236,464,Yes
ISIS-106,1,0.1.2-incubating,1458,464,Yes
ISIS-476,8,core-1.3.0,0,0,No
ISIS-476,7,archetype-wrj-1.0.3,53,4,Yes
ISIS-476,6,core-1.2.0,54,4,Yes
ISIS-476,5,core-1.1.0,173,4,No
ISIS-476,4,security-shiro-1.0.0,194,4,No
ISIS-476,3,core-1.0.0,211,4,No
ISIS-476,2,0.2.0-incubating,519,81,No
ISIS-476,1,0.1.2-incubating,741,81,No
ISIS-354,6,core-1.2.0,0,0,No
ISIS-354,5,core-1.1.0,30,22,Yes
ISIS-354,4,security-shiro-1.0.0,51,22,No
ISIS-354,3,core-1.0.0,68,22,No
ISIS-354,2,0.2.0-incubating,376,74,No
ISIS-354,1,0.1.2-incubating,598,74,No
ISIS-118,19,1.10.0,0,0,No
ISIS-118,18,tidy-up,53,18,Yes
ISIS-118,17,1.9.0,62,18,Yes
ISIS-118,16,Website and Docs,215,90,Yes
ISIS-118,15,core-1.8.0,251,90,Yes
ISIS-118,14,core-1.7.0,380,118,Yes
ISIS-118,13,core-1.6.0,462,118,Yes
ISIS-118,12,core-1.5.0,512,118,Yes
ISIS-118,11,objectstore-jdo-1.4.1,598,118,Yes
ISIS-118,10,core-1.4.0,601,118,Yes
ISIS-118,9,viewer-wicket-1.3.1,725,118,Yes
ISIS-118,8,core-1.3.0,738,118,Yes
ISIS-118,7,archetype-wrj-1.0.3,885,118,Yes
ISIS-118,6,core-1.2.0,886,118,Yes
ISIS-118,5,core-1.1.0,1005,118,Yes
ISIS-118,4,security-shiro-1.0.0,1026,118,Yes
ISIS-118,3,core-1.0.0,1043,118,Yes
ISIS-118,2,0.2.0-incubating,1351,118,Yes
ISIS-118,1,0.1.2-incubating,1573,118,Yes
ISIS-117,17,1.9.0,0,0,No
ISIS-117,16,Website and Docs,134,166,Yes
ISIS-117,15,core-1.8.0,170,226,Yes
ISIS-117,14,core-1.7.0,299,286,Yes
ISIS-117,13,core-1.6.0,381,506,Yes
ISIS-117,12,core-1.5.0,431,506,Yes
ISIS-117,11,objectstore-jdo-1.4.1,517,878,Yes
ISIS-117,10,core-1.4.0,520,878,Yes
ISIS-117,9,viewer-wicket-1.3.1,644,878,Yes
ISIS-117,8,core-1.3.0,657,878,Yes
ISIS-117,7,archetype-wrj-1.0.3,804,878,Yes
ISIS-117,6,core-1.2.0,805,878,Yes
ISIS-117,5,core-1.1.0,924,878,Yes
ISIS-117,4,security-shiro-1.0.0,945,878,Yes
ISIS-117,3,core-1.0.0,962,878,Yes
ISIS-117,2,0.2.0-incubating,1270,878,Yes
ISIS-117,1,0.1.2-incubating,1492,878,Yes
ISIS-359,6,core-1.2.0,0,0,No
ISIS-359,5,core-1.1.0,35,209,Yes
ISIS-359,4,security-shiro-1.0.0,56,508,No
ISIS-359,3,core-1.0.0,73,512,No
ISIS-359,2,0.2.0-incubating,381,783,No
ISIS-359,1,0.1.2-incubating,603,783,No
ISIS-479,8,core-1.3.0,0,0,No
ISIS-479,7,archetype-wrj-1.0.3,63,107,Yes
ISIS-479,6,core-1.2.0,64,107,Yes
ISIS-479,5,core-1.1.0,183,495,No
ISIS-479,4,security-shiro-1.0.0,204,495,No
ISIS-479,3,core-1.0.0,221,495,No
ISIS-479,2,0.2.0-incubating,529,495,No
ISIS-479,1,0.1.2-incubating,751,495,No
ISIS-481,8,core-1.3.0,0,0,No
ISIS-481,7,archetype-wrj-1.0.3,56,144,Yes
ISIS-481,6,core-1.2.0,57,144,Yes
ISIS-481,5,core-1.1.0,176,1397,Yes
ISIS-481,4,security-shiro-1.0.0,197,1397,Yes
ISIS-481,3,core-1.0.0,214,1397,Yes
ISIS-481,2,0.2.0-incubating,522,2612,No
ISIS-481,1,0.1.2-incubating,744,2612,No
ISIS-122,30,1.15.0,0,0,No
ISIS-122,29,1.14.0,65,38,Yes
ISIS-122,28,1.13.2.1,112,47,Yes
ISIS-122,27,1.13.2,132,47,Yes
ISIS-122,26,1.13.1,177,176,Yes
ISIS-122,25,1.13.0,288,176,Yes
ISIS-122,24,1.12.2,323,193,Yes
ISIS-122,23,1.12.1,378,222,Yes
ISIS-122,22,1.12.0,392,222,Yes
ISIS-122,21,1.11.1,464,306,Yes
ISIS-122,20,1.11.0,479,306,Yes
ISIS-122,19,1.10.0,532,323,Yes
ISIS-122,18,tidy-up,593,407,Yes
ISIS-122,17,1.9.0,602,407,Yes
ISIS-122,16,Website and Docs,755,407,Yes
ISIS-122,15,core-1.8.0,791,407,Yes
ISIS-122,14,core-1.7.0,920,407,Yes
ISIS-122,13,core-1.6.0,1002,407,Yes
ISIS-122,12,core-1.5.0,1052,407,Yes
ISIS-122,11,objectstore-jdo-1.4.1,1138,407,Yes
ISIS-122,10,core-1.4.0,1141,407,Yes
ISIS-122,9,viewer-wicket-1.3.1,1265,407,Yes
ISIS-122,8,core-1.3.0,1278,407,Yes
ISIS-122,7,archetype-wrj-1.0.3,1425,407,Yes
ISIS-122,6,core-1.2.0,1426,407,Yes
ISIS-122,5,core-1.1.0,1545,407,Yes
ISIS-122,4,security-shiro-1.0.0,1566,407,Yes
ISIS-122,3,core-1.0.0,1583,407,Yes
ISIS-122,2,0.2.0-incubating,1891,407,Yes
ISIS-122,1,0.1.2-incubating,2113,407,Yes
ISIS-126,20,1.11.0,0,0,No
ISIS-126,19,1.10.0,33,8,Yes
ISIS-126,18,tidy-up,94,512,Yes
ISIS-126,17,1.9.0,103,632,Yes
ISIS-126,16,Website and Docs,256,1029,Yes
ISIS-126,15,core-1.8.0,292,1125,Yes
ISIS-126,14,core-1.7.0,421,1833,Yes
ISIS-126,13,core-1.6.0,503,2464,Yes
ISIS-126,12,core-1.5.0,553,4270,Yes
ISIS-126,11,objectstore-jdo-1.4.1,639,4452,Yes
ISIS-126,10,core-1.4.0,642,4452,Yes
ISIS-126,9,viewer-wicket-1.3.1,766,4777,Yes
ISIS-126,8,core-1.3.0,779,4777,Yes
ISIS-126,7,archetype-wrj-1.0.3,926,5069,Yes
ISIS-126,6,core-1.2.0,927,5069,Yes
ISIS-126,5,core-1.1.0,1046,5408,Yes
ISIS-126,4,security-shiro-1.0.0,1067,5557,Yes
ISIS-126,3,core-1.0.0,1084,5557,Yes
ISIS-126,2,0.2.0-incubating,1392,7922,Yes
ISIS-126,1,0.1.2-incubating,1614,7922,Yes
ISIS-256,3,core-1.0.0,0,0,No
ISIS-256,2,0.2.0-incubating,196,86,Yes
ISIS-256,1,0.1.2-incubating,418,86,No
ISIS-385,6,core-1.2.0,0,0,No
ISIS-385,5,core-1.1.0,75,823,Yes
ISIS-385,4,security-shiro-1.0.0,96,1374,No
ISIS-385,3,core-1.0.0,113,1739,No
ISIS-385,2,0.2.0-incubating,421,2545,No
ISIS-385,1,0.1.2-incubating,643,2545,No
ISIS-382,6,core-1.2.0,0,0,No
ISIS-382,5,core-1.1.0,71,887,Yes
ISIS-382,4,security-shiro-1.0.0,92,890,No
ISIS-382,3,core-1.0.0,109,890,No
ISIS-382,2,0.2.0-incubating,417,896,No
ISIS-382,1,0.1.2-incubating,639,896,No
ISIS-146,33,1.16.1,0,0,No
ISIS-146,32,1.16.0,0,6,Yes
ISIS-146,31,1.15.1,105,181,Yes
ISIS-146,30,1.15.0,147,181,Yes
ISIS-146,29,1.14.0,323,602,Yes
ISIS-146,28,1.13.2.1,370,602,Yes
ISIS-146,27,1.13.2,390,602,Yes
ISIS-146,26,1.13.1,435,630,Yes
ISIS-146,25,1.13.0,546,636,Yes
ISIS-146,24,1.12.2,581,636,Yes
ISIS-146,23,1.12.1,636,638,Yes
ISIS-146,22,1.12.0,650,844,Yes
ISIS-146,21,1.11.1,722,1600,Yes
ISIS-146,20,1.11.0,737,1600,Yes
ISIS-146,19,1.10.0,790,1606,Yes
ISIS-146,18,tidy-up,851,1606,Yes
ISIS-146,17,1.9.0,860,1611,Yes
ISIS-146,16,Website and Docs,1013,1936,Yes
ISIS-146,15,core-1.8.0,1049,1936,Yes
ISIS-146,14,core-1.7.0,1178,1936,Yes
ISIS-146,13,core-1.6.0,1260,1936,Yes
ISIS-146,12,core-1.5.0,1310,1936,Yes
ISIS-146,11,objectstore-jdo-1.4.1,1396,1936,Yes
ISIS-146,10,core-1.4.0,1399,1936,Yes
ISIS-146,9,viewer-wicket-1.3.1,1523,1936,Yes
ISIS-146,8,core-1.3.0,1536,1936,Yes
ISIS-146,7,archetype-wrj-1.0.3,1683,1936,Yes
ISIS-146,6,core-1.2.0,1684,1936,Yes
ISIS-146,5,core-1.1.0,1803,1936,Yes
ISIS-146,4,security-shiro-1.0.0,1824,1936,Yes
ISIS-146,3,core-1.0.0,1841,1936,Yes
ISIS-146,2,0.2.0-incubating,2149,1936,Yes
ISIS-146,1,0.1.2-incubating,2371,1936,Yes
ISIS-266,3,core-1.0.0,0,0,No
ISIS-266,2,0.2.0-incubating,204,25618,Yes
ISIS-266,1,0.1.2-incubating,426,27957,No
